anc,psi
876.967514,442.924682
136.790461,14.682123
259.060255,125.953105
216.12484,24.060809
612.794137,255.12266
505.302289,39.846708
310.333048,144.675891
3278.36273,1.050965
1714.663341,13130.957675
849.305987,341.487389
1122.982019,438.262162
141.193352,73.654572
18302.242716,3244.486423
2433.239368,8.126347
500.149947,213.989479
192.335871,8.087317
753.346755,258.563157
7213.954253,1712.998084
599.448295,247.658535
528.91546,201.815713
177.314284,64.660066
1000.037417,124.165778
956.897415,9897.792395
1012.754324,10427.763873
484.281008,208.194773
472.896861,199.813254
102.63348,52.011197
5886.605225,1516.974861
459.568357,3249.980652
103.179096,12.458793
459.568357,169.681216
535.874191,14.487796
190.928334,99.599199
353.071143,100.16257
121.413721,40.678606
155.479463,78.223377
507.557005,213.140042
5482.351066,1450.118725
2213.239856,113.920188
316.2616,146.840763
16184.682193,2532.02414
109.440425,9.154242
1211.654102,430.194247
8325.997192,188.365757
1260.061297,485.433197
301.838011,140.173732
345.128913,742.330879
345.128913,157.381958
463.106689,113.207431
497.272433,212.938725
152.63081,79.621008
191.988515,40.697213
376.90182,164.280519
43271.953846,507.946289
191.343778,99.815919
1018.901225,10486.085797
382.698166,154.343092
974.838184,383.441182
1018.901225,403.41683
732.149413,290.450682
392766.178574,27794.563465
142.547145,683.725211
808.259692,3.453839
808.259692,3.453839
1822.054748,454.831279
5038.398444,309.62637
13160.622742,2164.853486
487.778519,163.925989
124.357616,21.769096
5050.859039,1011.480256
2000.295471,452.517273
193.270195,94.253238
316.767181,147.025381
505.277499,215.861857
182.356848,95.127819
208.168111,107.369316
1394.596204,520.523769
309.434705,144.347852
165.028017,86.088104
348.858667,158.743916
195.569078,72.400977
1517.208856,552.504674
1717.333617,15420.110021
250.268049,122.74254
4531.477897,1299.297779
301.925576,9.654843
1136.166897,446.237593
4307.293015,1214.790274
6048394.234435,116989.813226
11849.367851,2423.06868
2195.423446,949.170899
583.669712,199.037733
912.200603,351.771315
2189.780903,568.216265
126.945441,50.306165
1414.789467,512.4609
12640507.862799,185395.660472
153.953952,0.117482
145.137341,65.275864
348.033296,152.947148
773.462545,310.142994
655.285987,3220.15842
1252.947571,352.877766
269.696662,129.837098
116.909149,0.262259
151.402396,78.980197
101.249616,52.817623
137.412891,0.694231
2665.492265,592.425222
338.472687,0.020041
125.862975,1400.823478
985.567485,372.387261
2293.631605,700.851122
102.909389,53.683455
140.149766,67.283178
194.400641,58.419578
1337.250637,13156.409365
483.723482,122.066641
608.206672,116.969666
685.347512,281.61627
124.507762,45.274063
292.052047,14.945248
359.228455,157.277271
182.348825,79.26484
3001.978098,850.228475
1052.014303,324.641426
597.124999,254.878612
197.363828,0.035178
841.438791,338.614601
1072.272299,419.900046
4813.777467,1308.298884
116.889243,21.042092
112.864897,58.876821
134.359412,49.77567
152.261988,1.938199
300.497708,4.0613
388.265919,168.983033
2698.07796,350.44932
14602.349766,2861.281155
601.271018,0.245532
267.60778,125.856258
262.916639,127.361303
167.655243,0.350652
482.683509,197.082428
809.860612,327.083506
2510.99164,1.503102
741.384166,302.078628
2121.101325,536.253964
932.520236,370.565194
1571.15235,566.574689
338.622565,154.619639
18904.079681,3310.0871
496.471207,1.061115
249413.734276,9079.908632
1010.745279,15.01623
203.13038,105.529737
348.090961,158.46358
274.807378,130.248461
105.731346,1433.115933
254.304948,124.216655
15811.21707,2987.404097
565.051722,237.689028
4688.642707,1300.089381
3809.273697,1055.809718
945.584798,217.311968
1133.583748,380.128997
124.236198,946.570746
161.969381,62.807744
2767.655242,875.226474
359.124335,99.259199
1424.597641,528.349007
104.82943,1137.931235
104.82943,43.794938
474.407725,202.760309
365.86782,4288.74969
211.219441,103.27665
12042.84148,2207.248699
176.264491,59.775277
138.676643,72.341712
102.465542,52.557906
503.126603,215.076435
1138.558652,445.359545
345.479704,1.10483
153.339592,41.158784
4324.768431,1269.860151
980.043212,389.227428
202.15695,105.174279
156.446358,81.611418
212.781116,105.259494
379.724987,170.015069
389.605722,173.623121
159.580776,83.24651
143.415161,74.238952
213.374202,83.425543
182.286276,23.137264
197.957331,88.113028
101.200905,51.408684
441.871978,20.75422
256.453434,3251.965661
152.47522,75.555445
846.922139,324.361338
360.212464,131.532126
233.234674,105.202224
1233.441476,12452.878352
106.680864,43.416455
826.542292,328.75454
203.700786,98.03666
249.236752,80.019268
176.830099,90.421715
290.842022,113.120971
1851.359234,449.067791
10383.600846,2220.705761
158.110774,82.479673
176.955701,90.848921
9789.96386,10.022339
879.206534,1.791056
685.703898,264.044572
1295.074194,475.762262
128.048505,66.797464
129.674151,51.510893
10205.61161,2192.887499
7015.976812,44084.902545
391.082155,148.024413
944.435646,376.22496
929.971091,0.389143
230.489437,0.042957
277.367916,132.486621
132.174588,0.249625
186.58568,1522.314058
1004.861545,398.290096
146.764279,2.552759
217.909292,109.49842
123.624474,64.489635
1057.2621,326.850071
165.071788,83.551021
328.872282,41.148767
4294.767416,1194.021987
87470.733785,10448.783383
536.308952,150.415258
540.072898,228.567754
355.720662,161.198887
141.954693,74.051732
805.862151,0.261203
333.695085,154.341505
202.153115,2.807571
960.734858,375.6862
539.32731,195.74688
501.211472,168.65199
755.763268,307.329305
797.458791,320.786346
1225.348557,6.680256
1195.336375,436.450711
628.039021,434.842691
1137.457246,356.624654
846.837393,340.585957
199.846868,54.234361
630.684803,261.655621
650.733329,6787.840465
1004.133837,386.982524
5043.558002,644.523272
102.780264,27.034568
12599.812941,1575.242149
379.823879,170.051181
108.179831,56.432821
5209.508531,1396.949455
205.962516,2772.906812
488.284585,209.65672
998.245324,145.936459
423.423356,2.186528
2348.329151,731.839465
172935.033874,16217.861875
122.966489,37.825438
341.279184,72.944132
44959.337061,4515.414726
106.622842,55.620606
105.295785,50.149994
470.589969,203.051807
1275.473547,1.980163
132.376457,0.269584
200.812564,103.850414
127.459065,940.636084
530.443871,167.039357
226.055749,111.921439
151.585578,71.969137
152.293023,2064.227573
101.956575,53.186406
2535.686094,803.740468
833.006272,158.62483
598.166011,104.651864
101.024051,52.699955
253.961751,124.091333
505.348275,134.691506
601.806103,251.110267
1097.740719,10721.728496
328.541121,74.782632
284.94614,32.969894
706.034495,256.895123
231.02612,0.388416
445.294193,187.015698
467.075804,115.917558
200.32017,117.237954
377.848796,166.378554
113.822377,59.376298
169.970141,53.951335
540.925859,228.879221
300.94169,175.991751
478.373823,151.407992
780.928562,3.475291
5848.694184,1509.508591
100.756404,24.482054
323.607741,126.366944
311.546188,142.316917
112.343257,58.604703
532.823681,222.949688
295.761461,136.917774
230.110513,115.381809
102.745165,53.597787
302.435382,4.470038
101.317309,34.193758
264.004396,124.018367
398.89095,170.279887
4902.769717,1343.006603
188.730686,98.45278
373.56496,167.765672
696.217215,85.283258
428.528169,184.832958
454.980532,195.087193
309.942424,144.533251
35261.022386,5016.631509
2725.563041,728.967152
586.353218,243.516296
224.191116,113.22028
145.360113,68.749164
144.677196,64.532376
165.5785,86.375268
413.062051,124.058802
483.585902,207.940948
474.339314,189.74266
122.071302,38.355348
312.113446,108.130959
206.386264,30.495787
143.399249,46.271622
223.232894,94.171771
5640.660595,6.413897
2552.055089,1927.930599
536.619689,165.293008
112.97927,54.572416
101.044682,1369.591429
993.751886,387.583217
1872.704718,645.228218
29086.762593,1367.249562
5893.488026,1516.702726
139.687434,25.302684
397.167486,167.895048
397.167486,167.895048
100.261181,43.467064
1002.173963,397.875446
122.790348,45.28577
500.025095,8.11363
848.712546,209.665132
487.413669,209.338697
1607.865503,570.450933
400.157424,159.681406
601.63925,244.948499
431.50752,165.375698
121.890615,63.585155
6501.543591,1513.918056
2049.884415,16457.698548
376.21874,168.734727
4752.17775,1339.440077
392.195622,174.568849
126.353318,45.72446
397.701725,146.991332
151.308005,78.930957
236.885391,115.9035
463.876067,188.078357
768.352625,248.936725
181.608021,76.275842
946.614583,375.398517
130.624347,68.141171
156.032494,23.515439
127.17469,66.341632
2903.817629,892.486014
198.740358,27.389857
467.345007,192.70508
4256.132307,1256.444281
10176.232249,2116.291252
127.812545,3.16224
231.462188,2039.177415
323.154635,149.357825
152.271993,69.160071
1521.195545,527.919525
203.467726,96.944962
565.301975,174.041876
514.121503,219.091336
751.485046,1.408051
1602.4609,574.740859
249.145096,114.956723
492.570971,193.081578
12450.580162,2544.218912
1368.922001,0.12626
4277.727471,924.445893
3405.416617,1026.889793
131.743171,13.251029
103.163861,27.174948
659743.377234,27608.168796
498.925421,89.358074
144.601387,63.522789
1437.408272,531.690388
460.777904,174.433187
214.47881,111.119642
578.029868,135.421796
255.207603,5.321546
100.80597,0.801737
161.172697,30.665652
199.905299,104.2821
190.68314,96.974889
116.843887,60.952491
543.491327,229.816029
410.814005,1682.943998
410.814005,136.791038
152.692431,100.73143
4834.478028,1343.785295
4834.478028,1343.785295
3644.892613,1107.177362
970.890708,377.682817
119.915035,62.554578
1337.250637,505.566396
554.062003,218.077159
1252.627463,483.494239
955.916044,289.203327
124.313101,55.517587
268.56465,589.419282
803.630161,272.644354
116.976895,61.021875
172.187619,89.822964
1115.766927,1.123736
210.701544,108.294425
199.675579,91.364977
2561.673466,824.93108
108.321216,45.524151
809.65819,128.817466
647.270715,267.712137
192.792057,76.459843
571.433877,3.065131
126.599592,63.416654
115.320393,54.551688
164.34687,41.268957
523.39398,133.246586
8429.609697,1914.948077
516.675227,220.023854
246.383601,121.324094
155.01612,80.865323
1371.648824,1.648112
532.769408,10.021715
270.025275,62.922244
8760.478442,1513.280166
2500.008067,591.496244
2443.303644,766.220403
576.506474,216.047213
6030.481448,1381.222257
200.400693,61.902508
701.141855,195.090699
300.304401,175.856084
2952.075927,818.320292
1623.876161,0.826706
273.85188,4.112676
2388.615679,679.857859
272.627376,119.52858
19793.795025,88590.757137
28284.155556,109958.528196
34280.164916,125974.824792
113.046232,58.319377
34280.164916,4841.692644
28284.155556,4225.282179
140.618665,73.354782
180.878645,2451.686079
287.106486,0.912978
436.122887,112.675762
103.3962,0.166746
462.691795,0.5991
3269.242592,1009.485455
1564.44951,564.826396
307.908526,15.997092
306.393148,51.813856
297.365409,133.604552
211.423851,88.750142
12090.715179,63898.029634
12090.715179,2475.893024
5473.965885,1452.397937
465.914174,213.02501
133.822434,68.211019
255.189434,124.539635
275.585854,105.88151
300.003589,132.43574
908.023188,3.753132
488.743258,100.177886
1438.335106,531.932132
262.606432,19.592242
105.466357,47.868811
252.907598,119.620816
166.08177,86.446734
174.410074,89.293523
277.843513,132.812004
132.138527,55.692017
601.541695,245.713824
30096.982222,3324.442814
4022.874882,1206.054428
18315.363629,2857.59587
650.114405,85.824161
282.691466,134.582283
421.328362,180.322422
211.52528,108.595221
103.709682,43.355794
509.095914,196.683424
172.60185,85.041116
206184.871248,18061.409399
3059.126176,904.342611
600.367917,181.770815
8704.377532,167.850637
758.648093,308.382729
803.104081,319.967078
318.566722,145.889615
127.650265,50.651095
723.965621,292.363453
551.289052,232.663448
4082.104542,1221.503226
9057.230061,348.307443
1492.637043,69.543927
650.587135,23.775949
112.251816,57.324739
163.413762,2186.363135
1025.063968,13.204159
327.716945,299.23941
874.659841,350.745608
101.027708,52.701862
124.02565,1.508438
500.986205,71.578502
1304.075696,387.722487
121.045969,56.345666
1228.187656,124.465907
448.215677,194.134587
160.284439,83.613581
469.773162,161.706602
4759.126655,265.569378
505.74495,216.032552
656.735114,267.841051
2277.538383,750.820479
439.635783,188.90945
249.327486,114.935112
506.856027,216.438273
573.415526,1.483815
966.513099,154.823157
4496.62722,1133.982997
431.256834,188.791744
102.105942,53.264332
208.33221,46.577019
163.413762,84.145364
9540.743531,1375.399045
341.266396,151.25409
367.973374,3152.171433
367.973374,165.723847
302.723465,139.058145
114.755586,2.031631
197.138207,56.267664
1241.275636,303.713567
3222.790056,984.541345
243.364289,120.221561
202.44684,105.280135
474.939266,137.081555
143.304699,47.751994
1136.45162,440.261536
189.310964,98.755486
176.62978,88.670468
776.565534,293.07765
4344.839101,133.241574
340.70801,158.454511
4020.015083,1205.30851
250.693594,51.157584
469.010007,163.709502
404.581566,195.755968
7191.699274,1079.392649
782.447332,3.574634
2732.059988,869.372784
1012.640754,309.049289
416.673613,22.20591
272.005198,130.680083
252.123346,122.652569
1738.96235,285.510505
216.696123,101.097448
2212.994163,733.985491
470.863378,201.46875
407.875527,178.489757
654.246919,255.937463
460.846935,148.860028
123.463928,47.155867
167.049314,87.142529
2104.034438,702.62502
1402.182414,521.085276
2945.278967,912.342889
276.887673,57.33952
209.390094,0.501304
103862.950089,12070.167099
183.118829,94.344669
245.173168,3083.447884
323.851129,0.911976
245.173168,120.882092
200.938147,54.026073
48150.716782,6256.799293
1515.136091,551.964038
262.199779,100.116138
320.350746,104.067256
100.143353,0.050529
3008.933516,619.205712
1046.225472,334.740632
543.390579,229.779239
222.735217,108.689775
283.77751,121.941145
100.312366,51.01569
168.83477,54.949415
489.255173,153.934925
115.637856,52.498239
316.991039,143.555932
1053.435143,319.450012
345.46518,150.987136
1707.730532,602.198206
6364.032109,1579.412671
196.414141,0.470276
1203.585464,454.622401
167.635216,87.448169
463.798204,173.194561
1900.485147,652.474153
265.901287,116.340777
46930.342529,39.781024
159.338676,83.120217
1574.460572,427.052955
3491.066285,27.330336
2440.437226,61.680345
354.495947,1.094403
1104.014444,434.496795
246.371238,84.098394
157.279016,51.81164
197.621578,103.090781
184.300725,90.258084
406.88816,179.93398
120.465341,62.84165
19793.795025,3402.912439
159.723493,130.78633
256.535744,86.143186
169.786413,82.976261
256.535744,86.143186
874.654232,333.554865
499.663412,598.496921
3168.218388,963.219543
739.199233,295.790569
33929.282081,4856.226587
2075.195755,382.351626
233.440685,57.150626
539.635335,65.769058
316.499649,146.176562
231.862749,116.021656
506.7713,203.440043
556.046949,212.167809
524.360058,71.844207
607.178888,227.174576
128.32671,66.942592
831.177538,330.095262
284.156901,135.117402
502.422525,211.801024
725.208833,286.096635
569.68786,223.053825
574.021404,215.308133
142.520497,74.346888
101.165236,52.773605
3347.1522,1023.548937
573.886218,215.296586
1370.576762,58.435478
294.753268,1.538333
321.675146,133.895352
1987.04141,675.050515
438.992868,175.577915
574.063376,215.347412
125.262328,65.344034
596.106762,221.116615
333.01995,150.457783
262.095588,113.491374
131.052982,55.366441
332.710003,140.826837
602.181409,251.247314
15941.395305,2876.244204
101.407161,50.34138
1008.98305,399.795107
25038.102796,3943.211013
162.439848,66.088001
152.02528,71.438176
150.009341,78.253499
147476.939202,10931.940069
5067.277793,7.853791
886.968498,256.61013
3857.438776,362.576446
212.358486,91.77486
149.54174,66.821129
4668.896105,1301.774028
704.074195,257.140376
1254.170156,453.687435
140.455816,73.269831
2574.59835,828.302261
3066.670491,708.823851
115.27296,53.748231
1282.012265,327.523435
978.086625,254.852703
2789.575242,883.094415
312.671648,0.089865
768.473093,8.191721
16694.48954,3055.853025
4171.047799,1177.008598
7526.995995,1962.512426
105280.203903,12094.493341
14579.523593,1827.743109
1697.197238,513.883372
1034.548256,95.855797
183.409524,0.184898
1022.513439,402.479684
1224.54968,438.528881
1552.52264,101.647964
5652.095476,1076.000082
315.255907,146.473523
2315.909185,724.194975
796.412728,320.229718
1240.065119,478.730951
1270.255211,484.591524
2163.288851,647.665633
136.838945,67.130692
3684.966507,1117.918206
390.325645,162.893799
353.520021,141.14899
183.21313,95.574505
393.706237,175.120466
8178.137876,1790.178452
3498.815516,813.391794
4323.528073,1272.357579
642.318708,57.192261
966.175088,217.8267
250.638689,98.376854
251.076464,119.42375
690.644414,256.158349
12919.575907,2203.340014
100.672772,52.516707
113.411107,40.581862
377.910485,169.352485
617.807889,236.927812
131.287878,25.036118
1026.37202,384.910425
756.753669,299.060468
128.46834,4.042866
16218.717282,3029.919206
154.530017,80.611744
786.187498,142.454812
3066.83936,956.692872
1095.112957,365.224087
245.875812,3.15684
747.031121,273.111524
3008.002501,951.765622
311.714615,140.632124
595.053331,244.341917
238.265355,118.359634
304.78596,142.650315
161.995733,0.059989
418.4007,156.800545
5041.408168,1370.690122
101.459956,52.927348
1616.627866,573.520488
316.103434,143.710221
214.985362,108.265716
1531.343787,252.029258
2574.769694,705.85118
121.766764,2.004343
115.494213,51.321125
241.323142,69.772948
365.577874,157.060583
8617.364512,1845.652673
2083.736363,692.444112
180.455645,37.789165
354.108226,127.984498
688.424937,51.351394
1609.361018,531.244891
100.167772,23.781892
100.036279,26.530854
743.082825,299.348319
6373.22632,1593.129726
325.404044,145.823079
2244.991796,401.910621
363.273598,2.079505
936.264054,297.779882
211.95118,107.002184
489.648962,87.002708
635.065119,263.255138
1550.549664,561.200916
387.630155,172.901722
6037.268117,1540.55319
315.467572,120.464251
106.25359,55.427983
1168.007501,454.224121
242.821119,120.023217
150.437588,60.576317
137.446371,7.11571
219.899386,102.150891
359.829838,1.198201
147.334333,103.470635
1283.250714,487.905193
138.494143,67.643966
5964.446748,1461.932263
30878.733411,4555.040866
102.767816,53.609603
2291.489329,626.514508
135009.584548,14240.426048
1268.080209,387.858522
158.858063,76.260844
364.848276,3.900245
5287.51368,1408.124621
143.996201,1951.769839
446.896324,183.234417
160.958788,59.7433
1095.75623,418.489486
427.836209,117.747963
345.517338,157.523795
227880.994657,17068.744829
450.076959,4725.122768
208.214021,104.056432
506.736887,216.394768
493.988046,211.739398
302.637691,95.079322
237.177456,116.392087
153.414846,80.030006
440.678214,184.953204
136.457913,0.501085
218.124353,111.00494
177.271409,92.474962
1170.948209,458.938346
9157.636496,1985.38919
744.84204,181.650087
192.985855,100.672521
838.371042,414.9262
195.635213,88.343966
109.711718,16.278011
106.781332,5.528155
221.519887,112.244854
144.813668,60.252416
650.038978,4868.124212
318.466973,142.251307
3296.58282,1016.616573
123.978037,49.097105
180.889497,80.484517
531.307369,201.439534
686.550708,289.508574
204.850126,136.330539
102.8472,29.578032
1230.679668,465.027979
5311.563313,1411.251894
152.115073,67.000466
401.602901,119.461246
245.519829,119.590064
254.306958,110.203517
10944.946048,1305.040882
2509.515274,143.571479
7012.813334,1690.131426
100.810336,130.463958
304.77073,142.644753
138.86603,72.440507
434.109012,189.873954
697.30054,97.523462
3688.730883,1118.900064
7921.498017,1510.781561
238.893545,55.664877
310.747428,132.854404
265.410734,126.209439
1089.303878,409.54709
1947.757119,126.489068
1250.32617,0.150977
1588.599179,571.125324
354.642016,95.080751
116.965552,58.242365
699.401128,249.545872
200.546931,90.530562
187.97538,89.887157
880.339012,203.903078
1450.66949,2.209142
490.250071,0.049106
101.076164,5.540419
143.546132,72.974527
774.892355,310.331559
113.125517,55.425993
743.510139,189.062533
1325.512319,274.916461
7284.250755,932.850939
318.646028,142.931961
863.520028,345.43996
1216.445141,463.283986
285.286698,133.714411
394.458416,1.020057
571.365342,214.774041
4164.315786,1242.946283
218.344277,111.085248
572.280015,215.068968
628.98984,256.165573
434.284779,0.01002
123.40911,7.876031
350.119427,162.206239
10216.562371,2192.241333
100.393111,51.913333
612.790715,247.540654
104.917061,54.730772
504.618194,215.621105
134.416211,64.561015
113.044774,58.970655
209.82526,76.913641
302.215747,141.711775
4203.848777,134.871327
4627.344087,1319.903951
253.553901,115.939118
360.868246,163.129337
188.882467,98.531958
649.555503,155.928275
569.019334,187.639214
105.352045,54.957685
10001.370537,1404.60745
141.713578,68.262767
109.796726,57.276286
102.747196,201.333644
310.320712,138.950611
198.417469,77.766282
503.493484,215.210406
357.513755,155.608097
173.92113,75.329256
237.989662,102.268564
359.36936,162.241891
211.023015,103.171594
115.319501,60.157283
1463.001226,537.40636
13139.497365,2649.816278
116.147834,60.589389
298.19418,140.243258
292.928474,131.050787
141.157475,73.635857
369.88732,145.650306
7770.857185,4.608884
450.479801,195.851916
234.972194,117.157102
433.163997,189.528872
7313.392435,1740.263141
41108.504219,5644.726299
171.144595,69.018362
370.073532,115.463212
221.464916,72.448934
2539.166989,626.222864
234.743911,84.465037
113.579696,44.633751
127.581877,66.554044
321.350852,148.699155
638.715559,195.466108
32306.758947,4667.718301
377.41047,169.1699
28539.157579,3239.759798
373.454914,115.820205
237.016551,115.574606
1010.531655,339.471297
1247.40551,137.820348
27174.333797,4293.040456
550.471177,221.482912
239.866761,118.944404
278.564462,133.075266
237.236056,117.983774
116.562363,60.805632
565.774786,237.953062
100.078423,6.857124
1830.180951,146.437837
140.851717,73.476356
145.606177,71.235288
626.06229,259.967662
1835.296243,635.471012
12874.468026,1667.744536
1019.015223,403.458457
617.731748,226.035288
356.257214,161.445571
723.907744,257.81107
146.309092,2.476621
394.097078,92.349733
572.876997,216.07317
11764.026789,2408.192028
1131.103741,179.788833
3077.136769,906.1803
573.233855,216.169626
20867.618663,3359.760277
402.110888,36.733612
544.506519,229.710944
1811.980769,629.389666
7305.889111,1739.088891
1716.548792,604.498262
606.817094,227.662428
6311.754893,1567.71513
510.704325,204.916155
323.247154,149.391609
713.68979,291.642316
27604.816706,4134.655132
190.790268,71.823692
127.847959,0.104511
737.742722,300.443798
159.732491,83.325654
1551.996388,581.379948
604.56705,226.87396
381.686454,54.038656
2051.061327,691.748751
532.204189,222.870627
191.641659,98.826645
358.699853,162.337526
533.115342,226.027131
202.572251,73.552021
56689.816495,7252.329795
263.2555,127.485041
1026.222288,406.090191
879.863343,352.645721
177.083999,90.885719
914.066442,336.099035
272.175164,130.742148
348.421386,136.174202
120.619491,8.487029
536.849487,71.599753
386.452377,160.404546
288.543722,132.609754
862.006963,338.089574
175.457442,90.445259
921.894165,294.424037
504.870815,210.535617
363.584329,164.121142
2858.744318,943.131421
1067.39814,240.456062
373.427225,161.587254
7343.83989,1510.948102
1092.701733,430.365843
350.125581,159.206543
14734.801531,2850.581275
101.003091,52.689021
211.016969,108.315893
155.233723,73.245652
103.096545,53.781087
1856.943734,296.470213
51580.990214,6599.962453
3289.395675,1014.741959
1284.954826,491.926145
100.583198,7.794047
192.278837,84.09077
101.254975,52.820418
8438.709047,1854.379983
10213.907314,2158.621925
158.954942,69.311817
101.842582,53.126948
661.027849,271.291134
5377.261765,124.103612
104.594365,0.566684
43343.161958,4276.113456
2618.969886,780.099995
255.586117,118.516419
414.449089,180.720469
10023.681496,2145.588175
389.717074,156.493248
396.66483,0.138392
498.363019,211.326108
400.947831,11.889802
1427.259547,524.501143
3375.099953,961.473748
103.673596,39.257135
30541.284983,4143.797231
194.786874,0.356448
298.719378,131.444174
8932.251054,1823.534962
598.432385,225.279446
9976.197472,2139.728536
100.151275,0.521129
151.577772,0.901905
26469.140987,2708.780451
696.327614,278.996164
405.827367,173.554369
1423.068821,527.950247
436.612063,176.690703
290.714009,18.148696
179.025477,38.883354
386.073884,172.333434
2118.629649,402.142477
24307.099269,2981.587346
422.392773,182.859152
359.586722,149.388148
142.124904,86.835563
272.511103,125.767476
368.257533,161.305786
334.803274,26.507651
613.812916,255.20909
488.380373,822.477269
189.015732,97.715072
122.308692,58.012156
200.360304,151.69896
662.647269,273.327043
119.707978,62.446565
136.997864,68.90393
351.150487,139.205632
196.482275,79.53472
114.074778,1.397624
1442.323792,436.112366
335.919311,4.275026
204.442582,95.704947
272.160517,97.959696
3434.775802,1036.778589
444.581422,26.311112
412.765888,283.961005
52318.816636,5134.278525
444.321888,193.60329
353.330308,158.713618
3714.403258,790.918559
291.172268,137.679135
116.442554,60.743133
139.970128,66.502663
100.071221,18.24778
2077.481985,696.221725
449.830759,147.30433
4318.638427,1122.866339
172.65508,77.054807
110.110484,403.152392
100.033531,9.800235
1414.446253,764.690549
4600.02141,1302.08372
1001.124683,129.504635
551.141128,195.313557
1986.044654,674.790533
1414.05386,519.370958
280.328292,133.719346
344.837699,142.649089
737.057811,257.738925
139.670546,44.813356
10078.063623,2170.273492
104798.535313,12241.670709
10085.254958,2171.397341
4290.843645,100.909048
158986.62313,4220.664644
155.867697,36.293114
13882.164043,105.345322
331.746072,68.418622
136.599781,71.258302
353.028889,34.756697
457.833265,142.692794
2540.789294,654.773508
196.126132,102.31067
625.898093,259.384191
301.223914,82.86823
115.43964,56.833561
271.944041,125.966033
3822.080563,1038.262607
10266.952232,1552.260223
1958.937004,366.205029
2166.078472,152.53677
152.966803,79.779997
2564.352462,798.237033
102.39537,39.538475
1000.2492,402.026559
5949.383784,1483.074637
174.626798,91.09538
322.683928,139.092541
514.867325,215.134885
437.706345,181.992466
1371.904921,485.910775
134.113131,4.926228
264.098922,4.667112
428.164848,126.463266
234.301623,115.11924
125.235897,65.330246
1069.169283,128.037452
4205.402412,1253.662857
354.010782,160.625264
3310.697837,850.966729
293.802014,61.666609
1134.828605,433.492973
102.270104,53.349968
1085.486443,174.922502
5656.553451,1480.707853
469.839609,199.923873
277.815437,127.689355
1672.821935,554.836354
1204.180265,453.584274
1842.125778,627.458673
600.849231,135.339932
327.294798,140.474958
2654.949119,849.260052
43110.575709,4830.451983
997.923962,95.652527
133.556298,23.289032
4513.253844,1.053465
2131.056771,292.884702
981.372701,361.219843
3038.501122,949.301444
1446.404505,291.292254
149.642426,78.062095
1604.315738,572.67968
17738.977367,3188.530225
1840.286578,334.950909
161.818718,126.763949
277.292545,132.610812
178.037865,70.858335
147.81558,77.109107
180063.012458,42013.385737
129.698157,67.658017
3618.692946,294.021408
2189.796686,727.934922
101.077615,52.578589
394.579636,175.439396
2508.93831,811.176235
425.867965,186.864651
360.952695,185.485577
206.151195,0.156283
4173.407369,1223.775371
113.484337,41.087778
1018.509763,403.273883
4306.077848,1325.723194
37960.355635,4615.198926
181.658364,94.76345
128.155408,66.853231
652.919356,3.4368
33890.94743,4869.527817
46730.858318,6207.790773
7316.161166,250.119688
3386.861336,694.20072
1159.48124,454.751064
10517.948683,2196.022962
2550.626144,486.761921
3533.681496,1010.602649
473.155279,204.132099
1928.705739,658.487531
182.581342,88.494727
290.287081,65.361917
750.297068,187.895285
1238.521556,439.009953
121.743904,40.054488
334.572073,153.52702
674.014421,12.296723
581.117555,227.113289
910.966483,0.502371
1459.09797,537.347685
676.724371,228.790363
606.380732,24.215088
1229.019621,477.336635
2630.167399,730.233005
1487.278426,372.041242
1674.483197,591.30471
231.200763,14.091212
1375.589049,317.330877
2005.88226,210.242948
123.927195,64.647552
17324.470314,2995.768213
2408.29349,673.939893
2794.509199,847.160171
339.680345,152.524842
350.661788,159.402344
221.353365,101.633156
115.011725,59.99673
10154.461136,1898.944394
399.196806,148.690904
125.099094,65.258881
474.824014,204.741455
699.229246,280.065355
111.882175,58.364177
248.468301,67.522826
201.474558,104.925096
10417.016833,1947.495079
515.689006,207.801475
547.042735,229.752956
306.884341,78.835966
538.488149,219.007602
2966.346354,925.419657
117.421521,2.716013
350.44267,117.423461
1086.293925,3.797241
7227.692849,1689.671116
163.566827,8.962478
516.571953,214.504989
6638.838248,464.109334
501.963813,214.65183
6311.533998,1121.32689
620.736638,232.007445
157.266688,75.16481
204.743695,106.118855
1355.885525,495.891463
632.983802,250.128896
463.585275,4.655817
157.604755,72.845533
3065.892915,207.80558
2580.617114,348.614668
150.216164,78.36139
2141.767434,715.407512
157.419051,7.854538
7315.998327,1726.183105
148.255873,74.89577
109.79849,54.76906
1005.51146,398.52742
2617.498927,17.327836
239452.444321,10974.357202
119845.743172,13557.463921
390.146954,173.820757
2880.791783,169.523872
2750.008211,429.003478
148.255873,74.89577
1021.162827,404.242677
402.423552,178.303683
555.047933,234.036041
101.291402,48.616561
410.228402,179.279882
1223.660829,473.157068
11822.905978,2371.219218
405.470928,179.416464
39982.604779,5509.241294
103.416818,22.890329
206.884896,95.258474
50469.344782,6594.639632
412.608692,182.022892
495.932201,212.449325
162.489933,84.764093
63841.381678,7618.663154
1122.668642,363.526716
1614.367685,148.718537
1083.21895,2155.14425
2152.656912,3.636401
2072.80581,691.287375
219.463485,110.926878
13214.220851,2663.726583
3487.667971,16.173462
157043.758587,12902.01653
1062.906144,2.995503
553.173222,233.351471
662.349309,263.275875
100.566158,52.461091
389.660666,159.077891
742.281332,98.313317
1395.355488,520.721812
178.553555,91.258925
14686.188285,2816.086757
1517.913525,384.543465
9691.259102,2033.671396
330.351146,128.849126
1274.56711,480.304275
311.562289,145.124761
1274.56711,480.304275
1202.503467,418.999142
1274.56711,480.304275
188.025152,90.87003
300.022728,13.123513
518.880055,220.82897
3631.814343,1072.79446
3576.920288,639.100472
333.710989,87.268007
1274.56711,480.304275
437.851967,175.735966
134.822506,57.426824
130.710095,68.185902
1651.649442,538.409749
1274.56711,480.304275
7525.763693,1773.49866
1274.56711,480.304275
2791.424772,831.863014
226.91273,3.167035
163.097216,85.080888
10021.519819,1381.315932
1282.562985,264.221879
995.843544,394.997081
314.364043,128.208785
249.880184,111.251034
2063.212686,694.918175
128.285627,68.468159
2499.382599,487.153959
321.200625,81.740441
285.149392,135.479821
250.649471,122.88182
6617.205906,1503.841649
1740.389268,552.518558
9003.374338,948.326247
112.762461,58.823384
501.951822,214.647452
16067.506087,2092.368523
2670.005545,1391.360759
262.336392,68.547033
423.674092,79.966152
8372.46272,1779.779576
74485.585442,8859.04907
764.776632,134.921173
26065.021045,3782.377567
105.347442,48.357137
2044.015883,689.911096
110.22001,32.865729
137.47267,69.376275
190.625126,85.118959
741.172793,274.176738
185.620859,0.848014
217.431565,68.576642
1010.970478,324.4097
53717.19607,2653.260864
5019.518212,1381.278125
592.572905,242.733717
1001.121472,405.54498
2348.077633,769.219144
103.464857,53.973219
1750.986577,608.129189
197.009827,102.771656
3463.599404,1060.1793
823.978272,88.214531
8512.97468,1900.756777
296.704617,139.69933
797.522036,322.577948
8840.252155,1662.944408
153.110255,61.801756
1007.321719,4.60198
5723.157354,1484.3533
2613.604052,148.397588
154.920868,57.748534
209.416188,107.825064
628.523073,200.699723
100.475584,26.179602
492.596839,203.399297
761.244714,285.029373
322.50178,149.119428
108.282805,14.497727
458.648511,0.055648
518.305073,220.619009
94404.584821,10148.083102
672.578505,268.691263
1500.531147,537.061919
1306.971286,497.668671
944.60011,156.59285
2465.110564,709.609779
3527.173299,998.651974
817.693551,262.128597
3250.125177,226.40549
1332.289958,478.111861
4719.399307,1334.31034
923.414026,342.178092
905.59907,357.77112
139.226258,7.713115
3337.013899,1027.162161
175.664452,79.981291
371.931479,26.732774
375.600472,104.756724
11820.228977,2432.74531
1014.243277,401.715932
56557.81986,7159.043447
250.440985,137.110089
232.763114,116.350434
1022.312931,229.820674
507.090807,214.626772
109.96441,43.764145
6699.412351,274.138408
115.491102,28.464063
343.018839,7.312821
270.11813,5.922715
2419.565982,690.0564
2465.532839,658.257674
100.546228,52.450694
104.297219,54.407427
210.264971,97.742507
6381.517959,1506.448523
569.762563,239.40924
3708.830406,1141.307294
1002.011343,80.811311
837.171122,328.576489
126.971683,51.773035
227.809807,113.558925
929.043631,341.656554
324.850668,149.977149
247.039317,120.156417
154.771044,80.737477
1382.522013,116.507455
584.873804,17.366067
135.335827,47.074559
53740.411829,6152.954743
106.273692,55.438469
408.066166,180.364142
871.319571,67.948879
455.021601,193.733936
4905.778489,348.033584
7927.385456,695.612987
1916.443934,641.349964
115.810818,42.209446
966.905804,242.624193
1072.556785,359.95552
101.083343,46.281071
174.767095,91.168567
1047.46808,407.676968
1012.768097,401.177255
114.498591,55.207337
9015.704558,2064.956296
175.460678,91.53038
466.230944,2.004136
3050.685575,686.950512
154.924092,33.380359
3223.46966,901.512175
8586.156135,1887.846097
3353.291666,1031.40787
1007.789923,170.779694
355.231064,161.070862
78088.487792,8977.608004
11018.009439,2199.56484
418.251996,173.02778
372.060322,15.180023
323.699704,117.930419
170.948074,6.247361
1604.74415,575.336397
409.696574,171.790967
193.913847,96.535748
37787.448087,2282.414036
100.811072,48.542762
299.828261,140.83996
1293.990643,225.742331
3021.118853,944.767649
1121.367083,360.081614
122.851573,59.180116
1193.484462,466.514718
460.722957,196.245868
3503.400624,775.033887
273.915681,112.012101
1705.894123,560.254977
400.234221,257.04164
318.745325,41.657493
3616.263225,1099.998415
416.631035,4.587313
119.131969,48.496426
263.720798,127.654949
726.944662,277.337059
202.204521,88.033255
185.030517,96.522559
1503.333114,41.225567
109.137452,53.024996
141.401327,50.282712
4289.424867,1256.393843
587.057793,238.754373
354.177816,159.334752
160.103863,67.01936
4743.613122,1338.099736
169.245128,70.312076
144.352802,72.828275
1595.518496,1.006473
266.335484,29.777381
260.784131,161.673122
2104.744573,704.514747
112.014836,58.433381
1064.555597,314.180328
408.165147,170.475753
99299.524306,10224.640493
155.659577,81.200987
138.097751,71.689319
194.378405,101.398955
166.798913,61.300065
126.206662,28.620329
1655.784621,561.03085
172.046312,89.749251
18512.633687,2908.634681
633.36052,67.611387
2472.277092,801.613935
100.459513,26.9479
406.833572,179.914047
1935.840305,493.887568
167.380705,63.482574
10067.499098,82.136372
110.653238,57.723092
6414.386763,1496.397199
1233.463384,478.495696
3083.791607,521.666032
115.952501,54.486053
30001.616528,1620.233005
2610.787126,786.020883
100.349878,52.348267
3023.49945,945.388577
1906.805116,652.002082
192.504293,84.476363
4241.847986,1238.550485
422.135505,184.684877
14939.639416,2189.855043
207.916811,61.684755
1259.382438,485.256131
314.576758,146.225525
1735.163973,478.654479
233.741237,110.060649
1945.586807,547.436085
1412.566032,525.210817
2447.469847,793.843887
2188.506838,723.85233
358.639176,129.793242
111.473952,58.151224
205.003884,102.821506
656.589628,263.070135
676.848879,278.512906
1728.802008,72.87252
29075.925501,3796.222357
384.604087,142.628376
892.553333,6833.772853
916.613825,110.486178
385.789919,134.250356
1201.058699,323.975573
1130.992719,246.674571
282.139851,124.686811
3110.874603,932.818502
187.038264,50.094755
1489.915046,522.0961
127.380116,66.448794
310.160196,58.541029
101.41849,52.905717
2010.239836,645.459981
203.80506,105.776103
267.725586,118.158493
740.974591,248.533282
5084.375028,1391.356188
9475.609063,2078.644105
346.974803,146.392401
100.530774,52.442633
10361.482059,2191.305142
1586.69111,461.383949
1306.587883,131.674641
325.885269,148.466352
1682.868734,540.259632
102.16315,1.109193
2348.329151,731.839465
645.434271,116.506428
3235.925176,427.933197
1574.379754,648.845103
6044.806364,1082.3169
1438.702381,525.577467
327.33868,72.285596
12005.118726,2474.505421
302.453365,106.087298
2566.524774,216.117271
1971.234861,550.40718
8511.359848,1581.328592
170.295292,84.047672
171.63131,78.491194
1151.942617,210.643854
25945.346777,828.378816
2268.924857,742.352912
177.191481,84.440038
434.866203,190.15045
554.956842,150.028152
331.751136,145.907974
681.322442,253.095032
844.424884,336.298537
1048.942526,386.01606
301.020638,70.441182
1747.525897,604.087259
2119.326867,706.789824
171.097084,3.941996
484.887744,172.722567
867.552165,348.150168
294.62167,137.121046
101.111561,52.745605
14079.522485,2703.453238
5027.311391,1.030725
223.096236,78.862149
349.221004,196.382622
122.377607,63.839198
446.460833,116.675039
2613.486637,636.592718
145.206249,65.308302
250.007749,46.084668
3954.874243,1166.959571
960.087646,326.137162
143.713893,35.849434
793.449993,53.461749
290.748365,127.090639
3809.975041,233.860175
319.784114,132.827607
207.765997,111.566124
908.928613,363.259202
4731.119801,1313.541465
342.159276,156.297564
488.686277,6.035689
189.790913,82.682615
512.713919,208.22106
1154.115162,436.049103
132.775712,21.086362
5277.089311,1354.770759
546.847278,211.690791
796.650299,226.907148
612.262827,250.01068
163.852454,85.474863
1085.339175,427.677329
133.034574,67.502654
126.039052,61.738845
219.836964,111.630318
465.967628,201.007897
132.648832,19.47345
258.708612,123.184495
235.22613,93.970851
151.985686,0.631052
245.448007,80.571624
1032.548252,408.021102
1478.832997,409.148854
4179.868793,1223.899427
106.049467,55.321501
11251.921295,2275.982592
320.497266,148.38746
673.285982,277.211878
132.519703,69.129898
854.110237,311.520487
1002.250667,73.545741
348.932358,147.954171
1680.409196,595.072016
120.471139,49.972039
2683.973298,800.936501
3354.534798,1031.732115
150.846711,9.839662
2100.0,984.828058
234.440368,102.635135
2115.373555,680.451693
106.869799,55.749433
142.177579,34.72341
172.630953,79.341118
4234.321072,1135.814254
3056.407848,698.098523
483.319781,9.3059
1012.661529,396.203542
1002.714131,408.075339
321.566412,79.770062
2819.20108,843.81568
590.613157,238.241665
1052.189987,5292.184822
815.311599,238.806475
263.28476,115.875552
1360.130172,510.223787
2195.055756,625.720942
1728.352863,593.047969
101.844514,29.482549
100.353294,38.774499
541.897362,94.51339
1610.775074,228.397638
1651.93214,587.644381
101.325128,52.857014
110.964781,6.336803
236.556779,26.14474
184.107558,41.876402
458.259771,198.692852
649.783155,251.039057
701.818957,195.461815
1672.743548,589.529685
109.05013,31.296135
283.644524,119.464736
100.431765,52.390984
3435.489959,1000.254985
383.274788,162.29067
486.34194,165.734016
153.488419,80.068386
134.574133,70.201607
830.648645,0.650424
1498.381742,357.036713
1613.92257,539.450485
4013.644161,1174.502715
693.595275,0.663689
143.43622,16.082349
6196.312151,1322.706349
578.687146,242.668143
342.195473,156.310782
514.796814,219.337932
346.903315,118.681539
1800.12619,106.854296
1167.769305,12.071378
138.46906,71.656866
417.020884,161.941149
541.195453,186.420034
397.895254,152.134054
254.842089,65.715062
307.72247,106.921384
1962.29309,323.879915
5787.013551,1462.178804
335.226289,247.433972
1045.227985,54.242546
182.381965,88.379049
549.458754,184.706402
792.341525,319.310235
550.311069,228.317069
403.595721,159.371815
151.980557,0.222484
2576.790021,133.239093
413.296957,110.566444
122.515848,6.156216
335.060403,142.808835
326.055297,129.551361
10004.136238,1986.73678
303.104263,81.676368
1659.771651,2.004136
1245.042214,301.392394
2722.790625,855.287919
106896.139233,4044.242048
580.085935,111.44108
1242.818398,480.733451
2636.429893,226.493346
310.164427,58.541828
155.327708,42.307216
21036.532509,3517.657694
272.954796,80.514423
228.096316,79.101062
1687.715059,544.561148
250.221369,23.619983
410.294466,174.007123
1054.360996,398.102832
1189.430431,401.740933
149.433109,43.72984
475.735921,50.380908
190.154146,82.026952
3384.97676,658.363238
125.584787,55.778122
205.013378,104.71181
298.580594,101.347434
134238.019839,5014.310265
156.025164,71.65865
256.278871,117.944484
568.146786,238.819222
392.463742,173.424825
162.612978,84.182898
6004.993728,941.212781
298.370487,140.307639
30183.495075,4305.126324
1000.386781,167.585738
140.508523,68.708045
102.425042,53.430793
2073.948491,451.690257
3000.275007,1015.844126
561.609914,103.191511
9255.73836,1724.290327
100.527268,41.769104
59132.523207,7741.089557
125.523583,483.252548
1446.033206,509.515995
5614.047501,1458.925257
950.955558,369.220153
429.165955,172.192601
120614.694853,2666.893057
360.269876,84.282374
274.594744,131.625683
1013.136273,401.311698
208.763556,40.409649
101.1451,1370.952527
105.42354,11.648879
320.007832,12.046024
168.655304,83.105813
100.609961,6.257848
1202.60979,1024.402961
217.485066,10.952289
407.246869,179.808401
769.546404,258.659741
388.234677,163.989932
4963.755637,465.185204
228321.670125,14331.860125
172.712927,90.096995
147.235053,63.2457
1285.383924,487.257697
2307.802244,742.710292
507.763237,213.21838
4745.859085,1270.402325
2016.30551,682.683434
543.363407,184.178838
673.207907,277.183368
624.719892,257.674645
30059.015776,4661.388269
796.284174,318.878031
710.091312,284.984516
514.240027,171.452579
630.295425,1.369272
2758.725314,857.263465
1623.031538,570.514932
1958.086568,600.028227
3338.966998,1027.671585
830.121429,331.490722
511.463167,215.644191
202.276087,44.136867
6687.21407,802.16039
219.015639,85.040875
100.200013,44.885476
13453.419613,788.514048
544.308704,230.114502
8388.316021,1907.208539
939.095345,338.319589
1273.403589,406.845961
329.760043,4.169388
210.883954,103.746887
2899.555446,368.128509
2703.12723,376.990972
34464.883225,4933.569114
275.915816,132.108085
144.623409,61.535398
25167.12399,3424.302329
569.543671,236.232739
2828.996461,825.302859
860.314983,345.507437
162.091878,28.621175
1258.222817,724.05686
256.883848,1.002068
3292.224154,896.176394
2903.877651,7773.842933
145.219198,47.593389
102.88204,656.576494
2185.375474,654.489126
1798.316986,99.322689
236.561667,85.901679
853.64548,68.446393
101.585739,52.992964
5508.757687,1715.341183
181.553095,90.539691
972.999689,373.33135
889.176764,20.309024
2829.314076,825.706523
109.50997,36.618354
3079.805714,868.504597
328.604664,150.654803
298.018633,137.252716
5165.940226,1402.408385
727.810881,304.606913
508.851603,198.574137
118.118971,28.582842
186.817864,77.370488
134.234423,70.024395
1836.3793,635.753504
181.862839,90.691024
2586.728276,809.673095
10279.550379,2204.458714
1803.361746,62.660153
1167.660815,387.924218
393.78567,144.412846
386.226069,87.066392
504.999626,0.404392
100.230209,37.055582
626.326384,22.889331
126.272581,58.587619
599.439993,310.504965
143.141263,65.009158
115.770118,2.11553
751.822111,299.017515
6842.955867,1664.718951
3371.304373,463.177257
143.264009,58.06684
629.214029,259.628783
206.136592,106.627486
6364.14254,705.566394
435.916688,54.57499
6207.511698,1564.355603
434.092228,6.610376
949.840991,343.375494
123.824288,36.490743
742.899073,302.631812
113.857438,59.394588
425.456721,164.290342
120.512806,62.86641
1343.270245,483.358197
42386.258876,5506.473088
292.614409,134.818184
180.166571,93.985245
814.319012,360.179356
6768.678354,1647.294062
293.370417,48.582507
1198.92077,461.825542
3262.401187,18.75429
1845.209073,559.431473
288.896551,136.848134
254.288211,116.07111
2569.751239,783.576336
402.325327,120.734665
1559.561017,499.798932
314.223887,56.356737
5115.245437,1387.68032
515.451202,89.074913
1236.180453,372.077603
2121.535632,568.948669
353.160484,127.689573
214.759767,42.988579
1178.431551,429.944882
1510.001899,460.957518
112.5196,555.406697
4232.285,827.244574
641.865063,197.46244
628.304754,250.892737
695418.689881,43613.202425
1047.81317,239.463184
194.221788,20.994488
1516.655725,9.426662
146.641397,76.496586
159.27097,83.084897
420.592961,154.397039
581.172729,2.501633
171.814573,89.628362
933.594485,303.522942
785.150189,263.518181
1675.510765,285.1418
613.172961,1.628053
9982.529474,1414.325485
307.887798,139.526955
21027.437273,3531.620188
151.592982,54.046963
511.194259,5.091768
893.105162,337.065819
3365.55459,1034.606394
231.685231,115.956834
2898.639628,893.832057
279.064995,131.287396
21439.38764,3056.191927
133.878486,9.784447
147.149225,76.761498
254.229496,123.644432
165.357141,33.466289
1030.934403,407.810868
293.890728,109.556607
105.262077,54.910753
362.260176,149.70964
1457.34004,533.568649
4960.14276,1207.536943
342.939224,153.971384
5970.097817,1501.028303
149.514327,54.367061
145.42169,75.860317
640.553204,167.314369
364.704507,150.006187
122.502135,62.219493
101.936626,53.176006
112.735061,58.809091
100.708234,52.535207
476.136605,205.060909
112.103319,54.689736
1485.595953,262.423493
544.3783,187.789445
431.377701,188.876588
753.368543,306.454847
436.132942,190.613013
275.910876,84.398635
2139.951422,702.424615
210.558097,62.721946
3066.535031,893.149981
2677.910625,855.249074
822.959663,208.543926
1533.19079,140.176818
149.982389,52.600617
180.054805,93.910195
212.568011,108.080894
350.764982,23.346945
15020.562659,2872.580626
162.924927,48.186526
194.793476,88.056699
1060.351175,416.78387
192.116569,10.350308
4313.104157,892.338692
196.728482,78.58159
594.905303,97.80387
212.961204,107.844946
110.15327,54.213957
3849.523945,1160.339201
3242.564411,762.440707
554.724493,228.327734
607.835456,252.433518
547.615594,231.322047
194.026803,54.983149
46571.169343,5313.042713
8306.282299,1854.537329
5574.454124,1418.421923
817.886717,109.971578
875.348368,325.461879
506.913014,193.964364
7306.773917,1739.227361
553.015971,233.166891
1493.987534,432.822644
944.105423,340.678795
120.274043,43.917405
130.178942,21.797856
2505.321433,612.271014
8151.55046,1622.811291
219.309379,78.502888
398.921367,177.024824
586.052465,1.828012
200.165024,94.916794
275.420591,121.022367
1000.059498,186.751921
643.778646,259.087508
188.25868,0.030062
306.434184,71.872281
647.220798,265.921178
2648.897932,421.450439
991.79492,392.145492
804.378893,160.592936
807.169167,326.100697
614.644014,43.338451
1253.476934,102.076724
956.459043,378.084595
1479.127532,498.22713
119.035981,0.716478
11505.847253,2374.719991
11534.111705,2398.24111
1569.022279,552.870305
793.858509,99.219125
174.712871,91.140281
3186.079228,983.536177
904.804462,349.791169
8770.130323,1870.25705
531.44711,96.955729
555.564191,234.224558
8401.435587,1802.058848
664.138334,271.578967
112.979906,41.373208
2415.987537,781.48425
145.303967,50.846235
603.620131,190.997655
302.192375,141.703241
213.304875,104.87352
1487.917373,468.31077
5379.291959,1353.86318
208.345077,47.564045
200.526048,104.578738
3678.407403,2.779592
2944.018264,924.657598
10073.475781,1949.111162
155.147839,77.880672
421.155856,185.143976
27050.125545,4114.351485
106.506867,55.414127
2518.326022,770.742447
1477.006481,509.54125
156.623961,78.522971
255.105962,116.237578
140.216417,67.582951
967.758302,338.883217
523.347931,222.460461
141.273303,61.000901
401.291466,19.835417
137.025374,65.393317
1502.413539,614.788611
421.170885,147.304971
10231.964519,2191.553005
173.168719,90.334763
200.17235,98.415092
428.14787,158.781868
5061.631537,1387.868744
323.457839,140.085015
1037.650721,400.164093
1114.234761,418.463226
522.41427,196.587027
500.138613,24.294748
123.063617,61.610412
899.33244,258.295516
340.838369,189.965683
746.025663,290.597826
2078.583657,594.355368
355.66879,159.907767
578.969659,236.413498
193.276761,97.171896
382.645754,153.92347
415.600477,183.115373
4083.249282,1071.111049
299681.744196,27748.393492
396.050789,175.976603
858.252167,344.754178
338.194641,28.036797
1141.052537,448.021634
1050.755464,118.698479
162.979265,59.090164
277.698265,131.313771
2436.117275,772.305541
2252.286081,298.109202
222.796322,109.613262
10507.857822,2213.50306
17331.190025,3064.838971
163.514113,16.323857
106.614746,52.831834
667.416852,275.068705
324.017993,109.952584
185.211079,90.438987
285.742599,135.137765
430.59853,146.706612
460.867792,188.635781
678.687127,279.184162
58580.342153,6079.946022
4931.981968,1320.154784
353.494227,157.854163
1370.829049,0.653998
4041.976904,964.733647
2704.633391,862.219139
1625.759053,563.284278
10880.363066,2268.230549
1245.584548,412.375147
109.827066,87.95943
446.783109,141.843507
1264.573343,759.101009
1001.681044,364.172754
564.920398,235.630947
201.205453,159.61432
2237.355932,740.339741
1397.619031,104.48954
695.375233,282.865219
16543.821074,3033.511631
10691.970009,2163.510898
5667.119233,1467.840556
179.419043,80.372961
766.334431,305.537215
3226.337186,998.07969
8255.553935,1872.912314
514.567303,141.607073
2814.538408,751.982376
3008.908241,797.304174
779.366641,204.058038
724.551785,291.00486
857.704784,321.025396
699.794668,282.254738
189.849375,75.559778
583.761992,230.964092
227.092111,78.715068
324.898687,112.371772
1186.969789,389.564093
236.153742,76.70772
946.594719,215.838351
601.738863,206.205671
359.672293,160.188449
2104.782107,662.146161
3139.535839,975.654204
121.093655,60.590975
20695.781954,1363.037269
1545.457112,527.289927
1235.366479,471.037318
400.73438,0.084079
17717.574461,41.374661
3868.914626,757.823053
8952.749973,1794.988854
708.080327,176.203556
115.870286,29.41811
77401.576617,4569.53572
29358.304737,4400.792108
968.13135,377.529283
125.308184,37.981426
510.855775,217.264619
1692.095575,596.410876
1003.349957,394.13799
155.922451,78.944632
183.657558,85.691737
290.947509,127.858319
102.305968,33.757864
12846.660051,1385.57673
168.290215,87.789855
471.688692,180.349206
436.008591,60.530382
467.133645,201.933237
589.085012,26.086821
137.914689,28.940569
116.124264,60.577094
103.102887,48.764777
522.070638,111.036982
3585.048612,699.74
161.11874,84.0488
310.04289,73.399628
774.994053,42.587414
2092.631193,653.871846
116.166321,59.919071
108.317149,36.768668
294.740936,98.908095
146.939076,76.651873
251.670663,101.016173
1540.64906,535.994162
2072.774617,697.412201
1877.577855,623.483413
898.296465,336.385207
1492.411061,540.671673
645.90914,50.260616
3718.828432,1725.580415
10259.134474,2213.617046
7070.539627,1690.928266
1040.402728,0.010105
617.940064,208.823317
171.759823,89.599801
627.985524,226.872906
1198.076087,468.844369
122.275148,54.654175
268.500619,88.653364
282.67193,132.739258
110.893783,54.822375
329.855487,151.804709
172.16795,79.281516
2658.98874,659.198813
8111.374186,109.172691
103.032762,2.819622
1383.883023,516.730607
277.879733,109.492145
217.85644,97.769382
1424.449577,518.810894
4004.402407,1130.565171
2468.133967,792.74889
3718.828432,1725.580415
713.299072,290.002132
564.407689,225.31988
1554.895936,820.254405
29528.56533,4418.532091
3001.812664,1425.841364
4003.390751,1096.916639
105.06709,54.809037
1261.928775,172.532516
1000.055071,1381.246662
304.777642,136.741094
3345.184486,124.0068
794.578501,268.661233
504.246041,215.485209
734.911351,299.715014
404.095122,178.914074
887.111489,355.292456
293.654251,130.779983
7518.211141,1140.736583
354.213861,160.69942
164.124205,80.615824
192.163306,100.243432
1013.029298,401.272635
10072.924961,2163.3723
145.40274,42.607354
1687.114075,554.908112
503.668925,25.808894
8426.411536,1909.728331
583.628509,235.416637
1006.219787,356.804092
1097.838091,212.176315
391.318276,174.248478
354.926773,160.959747
100.308009,6.554663
3203.309382,940.119582
1806.633948,503.245502
247.772865,89.03882
336.813258,115.175641
146.804511,76.581675
1759.827784,390.546202
122.672688,47.215314
2551.76653,3053.042805
120.306745,45.7561
1316.438501,404.456675
367.178723,105.17803
238.378943,118.401111
130.547344,68.101003
1277.684814,488.394906
1270.355726,337.125482
194.252253,13.968983
3001.088284,1264.792124
2197.026879,195.252751
289.433558,137.044228
348.825904,158.731952
562.849448,236.884845
202.782745,0.235082
1015.307187,402.10443
100.950475,17.487657
1908.970725,603.214913
1490.138605,392.67714
307.441256,124.176301
932.316076,12.561632
202.782745,4.06745
160.199075,83.56905
3033.637788,1020.16971
180.828956,91.289064
33512.637838,4762.951828
316.612379,117.086958
146.877618,58.840639
2753.946344,599.571643
2984.690282,878.505711
116.209534,56.276581
262.969291,99.716931
472.655004,153.392314
10470.130618,2233.215534
118.80068,61.349938
301.768312,141.54839
353.967735,117.33344
311.260675,134.066408
1373.604527,135.117508
172.282662,81.480554
395.506529,175.777861
224.464284,113.320031
2056.819586,665.107659
555.216308,234.097525
303.190707,9.834076
122.210235,27.613931
100.738461,29.806154
1342.215778,490.815566
358.075166,144.420283
11027.087764,2279.833144
32956.267563,4691.642788
481.435724,176.654896
377.983155,157.987356
2684.182107,1954.880441
219.197632,111.396859
130.98919,42.140068
1379.641738,46.512708
256.116289,118.014058
1756.515629,614.922763
10075.547976,2170.991274
7594.854041,1471.320601
148.808748,71.319597
730.5429,280.081336
311.564317,1.50524
847.747041,106.969823
10153.733339,1446.515547
1327.531881,503.031465
1442.520059,533.023689
1244.491389,161.338069
230.754097,115.616821
144.345242,62.668743
317.270527,128.750223
198.027805,42.645134
483.741945,1.936223
186.161642,97.112618
295.616737,123.484721
1138.228523,210.826746
1907.971635,654.426844
4759.417139,31.442676
1128.923052,417.372733
323.775966,84.923842
921.943319,146.765074
311.564317,144.433451
117.542166,55.749046
641.818726,208.709983
168.303956,0.798362
1001.413276,556.271076
174.521601,81.878789
104.845076,3.671964
146.787744,74.270099
281.447488,131.833748
2068.86833,775.32627
305.729642,72.025517
429.057424,0.029955
1147.382375,416.400081
214.745706,109.127781
1010.133304,267.105356
1999.33666,678.25747
386.876149,170.393809
210.324791,1242.618899
701.048841,259.592605
293.096929,93.746113
120.065868,62.633262
1346.614813,508.008842
641.03291,82.811225
180.49505,31.65259
189.787911,49.374009
154.897666,80.803531
259.229619,107.016825
1000.059498,186.751921
641.771851,171.488225
3395.349043,831.889681
218.273412,106.74864
239.735297,105.537693
9919.099526,2148.049145
196.69753,25.677466
428.277946,7.826155
587.829286,59.067982
166.779404,86.92491
7731.818583,1805.745684
237.660464,36.080514
1013.770299,345.10132
232.259102,114.582188
1002.579078,312.560171
10064.808712,1816.351723
429.808258,188.303489
5495.453818,1444.878229
1028.379251,406.877828
579.984211,234.142099
5041.444536,1384.709534
194.180149,94.202108
188.357923,98.258325
378014.149423,6023.680823
495.992119,41.067394
312.439288,133.115639
197.215453,101.007079
9475.460713,1687.863486
202.144139,53.192962
2277.071113,525.332215
3235.534719,981.610134
301.780336,0.836934
316.557738,138.770878
2208.010302,519.18046
1161.679261,438.006012
401.131694,184.058558
5968.121119,1846.915808
524.32373,183.865698
1617.910008,558.383935
171.84037,89.64182
381.74293,25.274518
150.946397,62.637381
1000.848429,528.55676
1015.683304,402.241773
6299.796954,1444.421497
428.333746,75.143336
143.316814,73.24353
1394.276379,128.042057
163.628199,33.67981
341.776846,154.212112
494.159553,196.34457
36007.64249,1062.265999
256.775941,31.742947
107.568722,56.114032
50149.806453,5528.901557
271.644875,126.717727
101.440603,26.666211
101.624648,53.013261
664.720855,272.558921
1012.335282,2619.167436
1064.017122,419.891362
242.630737,93.21331
7229.357002,1727.111827
6805.629109,2114.035539
100.263284,60.250946
165.696555,62.975212
160.051575,83.492106
226.092084,112.482573
165.262466,86.210406
600.16318,226.512443
459.482212,199.139238
234.457674,116.96922
207.457339,107.10977
1255.472763,482.98534
184.558442,96.276297
740.96385,159.253443
782.552149,316.239162
710.661021,266.432129
11106.154854,2326.554465
6694.575578,1629.221456
110.514701,31.280569
320.366077,144.773302
302.62096,111.416815
301.546665,107.595033
131.183382,68.432796
179.812389,93.800483
6056.299455,1541.025416
1025.769401,401.792653
5272.922402,1384.52775
569.478071,143.522837
717.056578,293.19516
113.428379,59.170765
330.326979,132.539375
265.003304,117.126973
362.23971,163.630141
1045.243343,357.74389
1283.702268,488.770088
74983.965689,6541.494161
143957.860124,13917.674886
1145.427843,442.218489
172.684584,54.334263
5061.738189,1367.125577
348.569912,158.638474
2269.34608,592.077937
68930.770213,3520.233196
206.612454,105.668017
1118.028369,25.196374
233.737755,75.043203
5023.080733,1381.835649
305.813585,133.540301
275.723381,132.037816
1380.164836,454.062544
853.316893,25.524139
1009.553218,400.003309
241.197989,34.161963
177.709968,66.51802
635.674792,236.228669
708.527164,53.9396
3004.301845,738.842863
424.47837,2.734773
10070.76723,1383.214493
2368.164387,831.120463
521.190436,15.106006
1165.037958,431.226461
1849.504748,596.132648
1888160.585924,14430.923733
203.200102,74.645163
136.360362,46.629016
10004.513836,1381.315932
117.073596,21.266336
245.802475,112.183649
237.029247,117.908256
53297.158767,6928.099247
1004.490622,398.15465
8076.38532,1859.669432
585.359684,244.350881
592.797962,247.010404
10046.291113,2105.333342
2175.966541,408.033239
447.258056,177.431637
1922.778276,658.288842
274.473141,84.305729
158.892597,40.577203
249.225689,113.819647
1191.690215,421.178248
624.625975,252.935768
171.249965,11.930443
120.90981,63.073511
107.288384,55.967791
207.875155,107.26234
255.636443,124.702865
207.875155,107.26234
3483.045358,1052.295015
173.96634,84.154186
10003.396337,2096.272143
315.59004,146.409261
464.351533,200.917321
609.084653,253.768104
10018.345021,883.573672
335.967531,152.797981
1567.845444,526.700105
302.970386,130.628843
971.849735,386.235496
2075.317337,41.827635
354.961251,160.972337
384.258021,36.971068
1560.954497,542.42381
1751.013048,582.696646
1015.019002,401.999196
363.646815,134.074127
234.160215,116.8606
547.044114,210.80537
159.382945,78.1747
173.300464,8.708058
6326.71203,1534.921588
195.001448,27.826966
220.661214,106.784285
527.204811,208.731995
794.007649,321.294633
141.573556,7.760464
8202.820089,1879.456126
3035.745331,867.433974
414.827906,182.83326
2519.258033,813.867915
330.617347,135.281459
209.671175,32.237312
325.854514,118.957339
6771.066359,1324.806717
111.85541,46.28833
11490.11458,1555.133816
2019.12526,149.173411
497.593415,213.055935
12464.181525,2466.642136
1030.712615,272.386783
10199.551186,2185.57643
245.867802,80.504332
241.03946,119.372626
4815.001347,1148.48459
6894.045779,780.787805
524.282328,222.801665
2660.047358,799.810783
638.867113,256.866395
241.080261,50.507264
1383.340681,516.04315
5012.990889,1311.493361
402.506993,55.905426
174.844373,91.20888
36693.953752,4621.718661
1596.586546,281.686923
220.024072,118.533374
8159.961423,1872.748863
613.371277,243.300474
3063.246769,634.005068
428.578051,102.835025
1444.856871,504.863259
380.403925,673.122872
3490.902953,1067.300851
1432.823688,69.912388
323.741784,118.821195
413.490027,108.762003
102.441432,53.439342
825.908846,331.632271
4410.760561,1253.79827
1095.830513,426.805953
2212.744621,709.322618
991.184682,393.29585
714.374603,232.436721
19856.902318,2964.311828
299.676168,140.784422
7186.113417,1366.814006
102.981032,53.720828
636.123219,263.641514
303.930699,128.263098
814.388335,303.771555
139.593351,42.477484
1536.457264,116.507622
888.57199,355.825772
2945.387967,562.583414
120.34197,61.828571
3252.775199,1001.841374
195.309142,35.918159
968.588888,325.001988
4230.297386,1246.633218
109.107809,56.916908
265.554151,119.439547
1504.695748,421.041514
25128.070461,3551.61751
378.626663,169.614005
1087.003156,175.09886
399.429662,56.155167
11596.17398,2204.985527
1074.577201,281.416021
506.805321,180.552644
711.892757,219.540758
3225.20887,1006.548767
614.854477,21.771608
2395.413677,318.362307
152.175736,11.074663
2107.139175,697.924171
432.677032,189.351052
9068.844285,1672.96167
877.578499,168.804995
1670.480944,262.265511
3315.359219,1021.513997
412.595193,182.017962
678.128154,211.928154
115.62577,56.634225
4890.518408,1836.48491
615.956062,256.27727
193103.196815,16693.377771
100.279121,1.387418
689.973349,283.305441
221.602766,112.275118
292.728888,125.716873
236.146983,26.176623
1023.659554,206.255763
543.506212,229.821464
374.407598,163.726552
738.182353,300.909454
1118.24351,439.692684
1532.558221,511.568751
5512.510451,233.532229
12686.267115,635.424638
115.747755,24.708016
19874.127966,2168.920431
134.785869,70.312061
301.342366,141.392851
470.908526,203.311674
4512.276937,628.170616
1075.846808,314.253561
184.861728,74.673608
245.52095,90.397046
1970.51945,554.214038
1713.390232,354.54011
438.276642,0.111183
104.839418,54.152933
3860.048187,1163.584543
184.561106,57.153389
213.692768,107.274747
335.374793,150.092878
1438.092512,512.15586
1111.690999,406.504177
428.65671,187.88299
132.277669,9.605851
1523.444663,412.831943
501.669241,148.118382
538.574095,221.334498
518.355951,209.259019
147.317162,34.064216
409.868713,167.57057
816.080681,302.061582
125.099228,49.308779
3190.369814,873.249058
391.414116,149.937297
637.012087,259.029821
148.103574,76.447866
143.277385,61.544862
321.030275,148.582093
1164.462198,456.569912
1442.139352,324.524878
330.369049,149.307223
907.925674,113.476621
286.085166,26.375445
100.471828,44.698807
2070.704443,690.954114
546.949964,228.284264
688.362747,9.402534
1754.219252,77.976509
1319.437936,500.920332
549.757571,232.104212
166.716959,83.433812
1442.093946,31.449082
6329.059493,345.064117
344.634152,134.53291
119.436645,51.950414
1552.917893,442.392631
125.905543,65.679572
10173.696151,1108.572078
3518.825328,931.495051
102.968414,16.388564
1609.440313,573.790347
9577.522063,1862.718561
157.105757,72.883977
169.88439,5.119695
164.246541,61.971026
1765.333561,609.816104
663.355404,273.585626
3374.881371,1045.220831
120.678791,9.233974
400.313697,487.719621
1544.603313,265.016236
1084.5239,427.379623
145.961645,6.578922
883.303335,351.441538
316.760598,114.894395
5637.845347,1467.53404
254.445204,124.267871
101.473294,0.101058
111.293209,57.549367
784.366681,97.323827
156.966972,80.341822
179.728993,70.925189
47004.569001,4081.867439
165.071379,84.049316
539.541041,218.662029
594.341275,246.936671
1548.52727,97.052231
434.43235,189.992024
420.267833,103.148562
159.708864,77.52621
1932.092063,660.718146
170.77517,89.08615
1935.736319,661.668672
968.914147,338.396745
2524.437564,794.912443
868.539073,326.377576
257.038824,124.785111
389.893379,196.555732
2119.288037,110.276576
1221.128825,407.054587
1919.525308,593.262596
355.051329,161.00523
935.860839,369.80838
314.872331,146.333457
121.780019,57.765418
1180.507197,401.914292
52759.399563,1573.104172
600.872136,262.879745
986.639167,350.425382
703.131024,283.345699
499.540377,81.865486
1506.354684,504.736616
622.565458,182.86982
407.181404,2783.628758
1298.622144,105.730542
656.434813,253.696928
351.867644,127.141937
136987.211493,13003.977195
7605.499969,1462.436949
670.946192,245.78094
108.962163,16.421535
175.040132,65.245303
218.200224,111.032645
2429.338019,790.41419
23250.100901,3744.312615
1801.564186,385.269027
162.950796,50.423363
118.23818,60.071787
178.365612,93.045761
360.672383,163.057815
2478.851388,668.813577
117.496578,61.292972
431.522931,187.004658
140.910766,11.665614
257.605507,125.421888
3427.391995,93.943606
10319.737328,2210.747861
151.415876,73.50265
153.87455,80.269814
571.278616,194.359954
1044.971681,411.844894
187.993817,94.038446
5385.501198,1258.579575
2411.722072,724.970555
6401.768961,1506.091678
1035.462979,72.523685
16138.521532,3021.552263
169.002566,83.076914
458.01776,144.663543
283.81067,126.405146
351.046065,157.303069
37713.831794,4942.336155
193.930912,94.644612
1053.905334,34.743272
10719.908553,2195.097388
622.569397,624.999877
1159.976063,417.163195
12289.5733,2982.78201
327.968061,142.567012
1342.166837,180.521355
10480.480864,1790.941943
100.47941,48.190759
182.290889,14.469716
541.180087,127.084787
1219.806389,457.976535
2049.773871,682.865159
120.022881,58.066932
152.021914,75.008521
5891.59702,1498.051262
840.188859,235.762086
512.785762,218.603576
5392.311495,1413.391351
331.733512,152.49049
141.502981,70.348407
281.715753,104.83817
1289.377209,275.917655
338.12169,21.108263
256.101364,111.519838
4417.276083,1287.028885
1901.203993,392.636456
907.098141,362.590787
153.464445,80.05588
4005.734155,1249.52483
1267.303029,142.285376
4154.429515,1067.764233
327.739401,142.485389
250.944172,117.551291
199.771316,4.495229
228.957316,112.110889
124.957003,65.184759
5243.955433,1364.843118
274.806665,131.703068
403.949864,159.959388
2239.249027,412.558273
371.14878,156.593712
528.714482,214.621599
563.393102,237.083366
110.196077,48.021491
131.303861,68.495645
324.366546,147.95555
3058.370333,954.483906
2819.476414,588.46233
2686.337523,503.046277
150.41973,169.461202
100.651291,43.177325
2796.057531,744.346981
780.994551,311.699386
156.5858,23.441829
187.86149,86.662287
1008.742458,399.707252
354.075311,132.281077
173.242576,81.8416
96215.670807,13025.115721
199546.464634,33051.477922
500.891921,228.149389
6221.193261,324.648374
5165.144845,1402.387439
1360.064221,493.323008
696.701619,285.762338
172.816802,90.151183
364.522395,161.952447
259.642984,587.738508
150.762395,11.767092
699.627877,285.060838
932.061351,761.124828
783.483882,317.451772
874.545404,255.139014
590.317214,191.558432
187.198718,35.249447
1787.427651,532.623265
122.800204,28.665
587.581509,163.676406
812.010934,180.049093
115450.554784,8930.030327
100.495883,39.635683
1440.567301,532.514353
1001.364236,380.815952
867.121676,347.99297
264.86655,106.222499
350.716474,141.66567
1128.95146,443.602802
437.056731,39.948559
4861.59133,1356.563001
81222.24704,9776.284077
1118.24351,439.692684
254.531413,66.080569
11397.462611,2341.238822
304.907984,127.262413
938.263315,372.091429
874.545404,6.071936
1552.544028,526.374103
157.074483,79.276711
186.376334,75.19099
2082.170535,690.92871
248.456224,1.119158
107.686558,56.175502
1031.611537,193.063105
275.679287,132.021715
32695.546812,1967.858619
337.011962,109.749049
606.162417,252.70102
16479.654088,4924.975306
2593.082627,763.945959
1476.074436,541.775635
186.401948,87.900407
329.317795,151.466934
122.406082,52.550236
403.081127,178.543804
306.380937,146.81466
497.982454,213.197997
304.107161,142.402444
7891.643018,1096.55283
15418.078758,1571.63763
604.80527,212.325507
109.19225,40.913134
3488.166362,1066.587069
178.26666,14.986422
235.809217,27.181465
326.134101,140.976646
3142.753044,870.935762
1012.256727,400.990523
403.081127,178.543804
361.048905,158.58835
2145.202488,705.424301
145.56262,19.009991
6670.841814,1459.383516
2679.446489,433.664268
7203.782432,1910.768456
119.581341,29.772286
8978.571652,1863.277838
2049.339797,691.299726
721.201855,248.626193
1316.184165,422.247395
200.668424,104.630728
71824.122333,8535.109966
130.645621,89.941695
3142.753044,870.935762
364.040085,164.287566
678.597232,279.151335
102.911632,53.684626
201.195636,51.808484
200.386284,17.642638
853.232189,366.262877
1004.004504,329.417892
32533.616705,26.254282
211.008437,103.214769
1055.90048,416.623772
1261.509111,348.428455
403.081127,178.543804
8387.489477,1908.356378
4799.629964,1339.091778
311.523334,121.194721
403.081127,178.543804
3883.070982,1169.58955
551.123842,231.681237
118.15133,48.607405
403.081127,178.543804
1632.348594,576.599714
231.051173,115.068598
403.08113,178.543804
217.886784,71.097669
2348.329151,731.839465
189.353764,72.452208
213.268571,109.231801
671.737485,276.646429
115.810522,41.253412
199.160833,95.286357
1653.222675,577.669896
102.728238,53.588957
106.231461,50.496638
2832.986851,895.697413
136.663113,68.109386
12159.548424,188.359737
1559.381779,454.191254
159.922636,81.322567
560.849969,68.327061
444.036244,100.544823
155.776093,71.892951
21007.208047,2407.732975
12000.133916,2470.404774
555.155727,225.017048
5100.035343,740.645838
1126.405661,438.148726
115.757271,40.620213
308.218646,143.903795
13000.562985,2523.139638
532.937407,225.962156
1663.674605,388.859462
200.728764,7.116915
1999.159845,674.084552
157.248596,80.443085
280.258438,53.460287
445.238314,5043.16044
5696.425053,1474.540842
751.185958,165.495797
568.64112,216.815853
928.178045,370.28833
239.274737,117.311807
120605.950591,6573.084572
2083.563532,681.100638
151.538602,49.036182
374.853104,167.478756
473.025614,193.225835
36702.230647,11369.415902
1477.080177,527.067936
6158.260841,606.768642
324.805033,140.860932
170.281498,154.074881
642.443604,215.335982
962.832687,382.942828
1271.903713,474.521496
512.404342,203.666151
229.272099,98.417652
2157.838735,682.241315
237.113659,111.754007
546.246084,195.888758
6065.900971,1402.650589
1365.26206,54.051447
515.328317,38.44703
745.095073,243.026062
112.86174,65.732424
142.583344,159.244229
160971.905437,15269.936463
14894.309138,2720.461812
314.559418,43.098767
120.857703,8.984814
1774.611173,619.642601
179.193801,86.904544
2383.149297,880.437968
371.360392,152.154415
454.808399,145.007598
174.371384,62.920821
445.238314,193.937932
30079.107737,3790.465339
407.409848,175.977981
134.886592,34.681318
1171.776312,418.418965
11842.237843,2310.048575
7252.513125,1252.969136
303.043332,131.838423
264.374539,122.496595
840.826678,372.347206
682.841829,280.701294
170.146323,25.38362
18326.01934,134.381154
156.534009,62.09675
2512.411798,812.08222
464314.623426,31505.777614
134.721314,64.882065
10889.457827,2266.300485
121.421163,413.588851
508.926451,209.976475
347.935637,158.107785
928.788896,296.743563
247.713437,29.759963
409.025533,86.247448
221.414853,112.2065
746.979229,303.75643
5876.647735,1491.714928
348.846207,72.691868
101.340684,0.462546
9723.437304,2091.464887
2101.024617,994.541206
30075.287343,3790.153821
161.595601,68.0933
221.801515,108.091475
157.239412,37.537331
32497.414303,5413.742284
198.926022,96.998286
393.643334,165.410496
354.880485,9.085123
578.59323,242.633849
458.649393,190.468479
2020.450371,477.039281
45957.19915,5248.79446
505.809562,216.056145
103.122487,40.932666
305.734348,104.047491
5556.397488,1465.298257
7140.489654,646.183294
377.20818,20.106248
3357.701796,1031.26068
2042.298217,515.700873
4014.70524,1184.006812
2043.677196,666.430412
428.850281,174.093106
1000.449748,244.432423
322.436996,84.797998
803.456277,295.570075
32185.66847,4681.952411
2646.211058,777.994061
7860.391198,1731.985702
2172.636138,723.458957
4212.151643,1254.664754
345.38096,156.511116
106.455293,55.533203
10780.712462,2270.424773
5432.918377,3019.408138
100.158906,23.954127
1180.390312,460.538293
305.199377,74.113516
1040.251793,411.213209
343.448046,156.768172
5348.779539,1392.350358
5568.07859,1429.819104
820.073232,234.060872
4611.520171,767.802285
230.539884,112.531222
828.330355,97.070139
1919.192037,2.73789
2198.241499,720.19984
5348.835299,1421.36211
428.487906,187.821349
3960.792701,1261.438872
4278.786851,702.816907
237.299017,114.446016
2603.64281,649.036195
192.619956,37.883605
1600.629556,574.263192
657.633471,34.046218
574.902835,87.651967
13283.188417,2674.519818
2573.583541,521.231993
3161.529366,890.944219
1141.485635,487.843899
2355.413215,704.777468
904.715265,350.297369
163.542147,85.312989
256.095653,124.87055
22485.069112,3538.670931
2147.212384,700.507526
858.649388,333.822903
6851.263884,1614.925139
4101.559647,1430.604164
258.07114,125.591919
283.46829,49.164066
10299.075028,1404.336137
158.546804,74.17556
290.124532,24.941747
3209.460563,302.133281
470.198986,203.052578
1007.175209,154.853395
7703.932017,3185.22372
1634.896386,583.200967
265.382754,121.751682
1381.235826,517.038998
2095.982831,703.465571
214.928762,19.8755
306.438154,24.261877
148.783903,77.61424
423.321969,185.934955
600181.848909,7458.554068
150.841337,55.556901
185.050266,96.532861
10095.577301,1932.416136
4841.273478,487.875333
4277.437792,1104.113865
2204.666083,53.71524
430.6099,184.220984
388.250268,158.08609
1532.558221,511.568751
3002.46246,912.812319
202.992199,101.801439
394.320796,160.229102
261.889037,105.257996
157.148413,71.69723
4041.213652,292.954969
269.481327,116.207836
272.249363,128.326562
31970.769878,4621.33969
498.079017,166.469889
1171.17879,457.815905
101.496496,52.94641
3786.136521,1138.415034
111.655814,58.246094
17005.137907,2252.505062
473.937036,191.696469
351.198882,30.266891
33978.736963,4874.140612
112.938773,58.915359
1745.304254,440.958984
133.737014,67.732468
432.812688,3.611962
1090.535079,429.574666
422.566013,183.868733
360.16574,162.87281
151.894433,38.741158
8499.072174,1885.503216
62977.232925,7518.728405
150.841337,55.556901
4660.37044,1317.727887
2069.878813,696.656892
2675.576144,854.640174
308584.250575,18468.42735
307.643207,69.297392
2521.875618,758.586404
2412.288496,49.862204
30305.370805,825.888777
2185.150851,726.723154
113.968936,55.507879
289.687516,82.572753
220.401934,92.285
1003.07747,917.227287
337.312121,144.169918
10095.01289,2084.943578
1573.70317,439.201621
415.237866,182.982962
432.387235,84.087665
269.233177,124.650329
2470.883648,780.279857
885.301339,321.181179
139.453453,44.188582
134.782453,224.128612
630.653984,392.158339
1373.468387,575.318101
1015.742763,105.002509
289.625304,132.225247
1276.672168,412.472244
363.550196,159.943726
199.942655,93.366659
1089.549528,412.195378
400.721029,104.281199
227.620438,108.753726
130.05216,17.423007
310.410929,115.81004
162.997132,83.391237
599.197148,219.187793
154.324222,71.881757
117.67883,61.388045
14471.491626,2847.628529
361.25432,132.933976
250.338919,78.643192
6877.251293,1507.803884
588.460954,220.888827
1005.797474,300.871071
769.286742,288.060316
135.597758,111.022703
111.310001,24.140978
1000.109463,273.616092
424.495492,259.081093
1565.81028,565.181324
313.585806,139.501804
242.203911,108.382181
333.659176,153.193666
1044.512736,390.590177
2962.059002,759.945603
4001.409623,1015.298478
367.175488,165.432491
2158.60433,369.602526
1127.433718,412.794473
450.067864,143.59445
495.318481,203.236161
1002.701868,391.598025
1195.349543,401.786263
200.751642,65.130611
667.141177,236.735866
239.496682,52.736537
161.150297,20.095897
135.047814,33.763945
2921.836832,730.289941
1904.60471,637.755045
429210.960462,6883.441788
1034.197679,363.640444
201.736437,49.455212
12523.738035,1270.578346
2120.968391,586.678886
1024.760474,207.647056
5564.674548,1158.435215
2200.454346,698.659409
1888.27916,649.29048
8001.996272,496.75762
1160.35982,330.871055
3278.034479,985.238566
265.823548,186.335595
778.304894,315.560611
146.27339,41.846699
806.986685,309.583065
7732.11328,1672.424394
1311.608344,464.112095
1465.49255,325.98872
165.213083,15.381821
100.134737,46.455751
1819.453318,718.1458
194639.869364,17370.268774
316.492787,14.130668
1000.619025,6871.289995
393.224394,19.758867
618.212366,257.101182
1089.077573,32.643206
601.497385,133.34859
169.289654,18.242645
495.308524,203.608657
133.179449,42.761618
1426.646206,521.521961
254.650075,106.317729
176.226097,47.804773
41584.733464,3550.564782
625.018916,215.434219
101241.572615,8159.495024
112.065401,58.459758
232.252221,112.128938
11915.09759,2450.058666
602.182796,281.60497
20009.292901,2931.00198
902.199052,365.690735
1831.516222,435.725529
743.913454,72.612155
889.576358,120.250655
102.148764,48.040027
256.873832,106.578988
434.43235,4940.633236
470.678752,4996.531331
1089.303878,10619.483731
2528.74528,21231.356077
2528.74528,21231.356077
132.67636,1798.337153
132.67636,1798.337153
145.56262,472.031515
1437.408272,151.17093
184.561106,766.988456
